{"cameraMode":{"drawMode":0,"name":"Shaded","section":"Shading Mode"},"sceneLighting":true,"audioPlay":false,"sceneViewState":{"m_AlwaysRefresh":false,"showFog":true,"showSkybox":true,"showFlares":true,"showImageEffects":true,"showParticleSystems":true,"showVisualEffectGraphs":true,"m_FxEnabled":true},"in2DMode":false,"pivot":{"x":0.22455620765686036,"y":2.2423958778381349,"z":0.22547578811645509},"rotation":{"x":0.3069567084312439,"y":0.10054430365562439,"z":-0.03389088809490204,"w":0.9462617039680481},"size":4.41058349609375,"orthographic":false}